ID,Year,Hospital,Outcome,Num
1,2015/16,A111H,Live,1
2,2015/16,B120H,Live,72
3,2015/16,C418H,Live,2
4,2015/16,F705H,Live,2
5,2015/16,G405H,Live,8
6,2015/16,H202H,Live,3
7,2015/16,H202H,Still,7
8,2015/16,L308H,Live,6
9,2015/16,N161H,Live,6
10,2015/16,N411H,Live,1
11,2015/16,S308H,Live,3
12,2015/16,S314H,Live,17
13,2015/16,T101H,Live,2
14,2015/16,V217H,Live,1
15,2015/16,Y104H,Live,12
16,2015/16,F705H,Live,3
17,2015/16,G108H,Live,2
18,2015/16,G405H,Live,4
19,2015/16,T101H,Live,1
20,2015/16,V217H,Live,535
21,2015/16,V217H,Still,1
22,2015/16,A111H,Live,7
23,2015/16,C418H,Live,3
24,2015/16,G108H,Live,8
25,2015/16,G405H,Live,10
26,2015/16,V217H,Live,1
27,2015/16,Y104H,Live,1189
28,2015/16,Y104H,Still,6
29,2015/16,Y144H,Live,44
30,2015/16,A111H,Live,1277
31,2015/16,A111H,Still,5
32,2015/16,C418H,Live,2
33,2015/16,G108H,Still,3
34,2015/16,G405H,Live,10
35,2015/16,L308H,Live,1
36,2015/16,N161H,Live,1
37,2015/16,B120H,Live,25
38,2015/16,G405H,Live,1
39,2015/16,S308H,Live,50
40,2015/16,S314H,Live,958
41,2015/16,S314H,Still,3
42,2015/16,A111H,Live,10
43,2015/16,C418H,Live,242
44,2015/16,C418H,Still,4
45,2015/16,G108H,Live,48
46,2015/16,G405H,Live,557
47,2015/16,G405H,Still,3
48,2015/16,L308H,Live,3
49,2015/16,V217H,Live,1
50,2015/16,C418H,Live,3
51,2015/16,G108H,Live,1
52,2015/16,G405H,Live,17
53,2015/16,H202H,Live,11
54,2015/16,N161H,Live,1
55,2015/16,T101H,Live,1
56,2015/16,V217H,Live,3
57,2015/16,W107H,Live,182
58,2015/16,W107H,Still,3
59,2015/16,C418H,Live,1
60,2015/16,G108H,Live,10
61,2015/16,G405H,Live,14
62,2015/16,G405H,Still,3
63,2015/16,L308H,Live,1
64,2015/16,N161H,Live,3
65,2015/16,S308H,Live,24
66,2015/16,S314H,Live,4
67,2015/16,T101H,Live,1
68,2015/16,T310H,Live,1
69,2015/16,V217H,Live,1530
70,2015/16,V217H,Still,5
71,2015/16,C418H,Live,2
72,2015/16,G108H,Live,2
73,2015/16,G405H,Live,8
74,2015/16,H103H,Live,131
75,2015/16,H202H,Live,1954
76,2015/16,H202H,Still,6
77,2015/16,H212H,Live,16
78,2015/16,H214H,Live,13
79,2015/16,N161H,Live,14
80,2015/16,N161H,Still,2
81,2015/16,N411H,Live,7
82,2015/16,R101H,Live,2
83,2015/16,S314H,Live,3
84,2015/16,T101H,Live,4
85,2015/16,A111H,Live,3
86,2015/16,C313H,Live,11
87,2015/16,C418H,Live,638
88,2015/16,C418H,Still,2
89,2015/16,G108H,Live,3
90,2015/16,G405H,Live,41
91,2015/16,L308H,Live,1
92,2015/16,T101H,Live,3
93,2015/16,V217H,Live,1
94,2015/16,B120H,Live,17
95,2015/16,C418H,Live,1
96,2015/16,G405H,Live,3
97,2015/16,H202H,Live,1
98,2015/16,S308H,Live,63
99,2015/16,S314H,Live,977
100,2015/16,S314H,Still,2
101,2015/16,Y104H,Live,1
102,2015/16,C418H,Live,1
103,2015/16,G405H,Live,2
104,2015/16,H202H,Live,31
105,2015/16,H202H,Still,1
106,2015/16,N161H,Live,58
107,2015/16,N161H,Still,1
108,2015/16,N411H,Live,859
109,2015/16,N411H,Still,2
110,2015/16,S314H,Live,2
111,2015/16,A101H,Live,3
112,2015/16,A111H,Live,1164
113,2015/16,A111H,Still,3
114,2015/16,C418H,Live,52
115,2015/16,G108H,Live,4
116,2015/16,G405H,Live,19
117,2015/16,L308H,Live,1
118,2015/16,V217H,Live,1
119,2015/16,H103H,Live,1
120,2015/16,N161H,Live,66
121,2015/16,N411H,Live,1
122,2015/16,R101H,Live,120
123,2015/16,B120H,Live,932
124,2015/16,B120H,Still,4
125,2015/16,F705H,Live,1
126,2015/16,G405H,Live,3
127,2015/16,G405H,Still,1
128,2015/16,H202H,Live,1
129,2015/16,L308H,Live,1
130,2015/16,S308H,Live,1
131,2015/16,S314H,Live,28
132,2015/16,N161H,Live,96
133,2015/16,Z102H,Live,121
134,2015/16,A111H,Live,968
135,2015/16,A111H,Still,5
136,2015/16,C418H,Live,3
137,2015/16,G108H,Live,5
138,2015/16,G405H,Live,12
139,2015/16,L308H,Live,2
140,2015/16,N161H,Live,1
141,2015/16,Y104H,Live,1
142,2015/16,A111H,Live,11
143,2015/16,B120H,Live,5
144,2015/16,C418H,Live,13
145,2015/16,G108H,Live,712
146,2015/16,G108H,Still,1
147,2015/16,G405H,Live,318
148,2015/16,G405H,Still,1
149,2015/16,L308H,Live,2037
150,2015/16,L308H,Still,7
151,2015/16,N161H,Live,1
152,2015/16,S308H,Live,34
153,2015/16,S314H,Live,8
154,2015/16,V217H,Live,6
155,2015/16,Y104H,Live,4
156,2015/16,A111H,Live,1
157,2015/16,C206H,Live,1
158,2015/16,C418H,Live,2
159,2015/16,G108H,Live,16
160,2015/16,G405H,Live,33
161,2015/16,S314H,Live,2
162,2015/16,T101H,Live,1
163,2015/16,T310H,Live,1
164,2015/16,V217H,Live,761
165,2015/16,V217H,Still,3
166,2015/16,F705H,Live,2
167,2015/16,G405H,Live,2
168,2015/16,H202H,Live,1
169,2015/16,N161H,Live,2661
170,2015/16,N161H,Still,14
171,2015/16,N333H,Live,7
172,2015/16,N411H,Live,33
173,2015/16,R101H,Live,2
174,2015/16,T101H,Live,1
175,2015/16,T310H,Live,5
176,2015/16,Z102H,Live,3
177,2015/16,A111H,Live,1
178,2015/16,F705H,Live,1
179,2015/16,G108H,Live,1
180,2015/16,G405H,Live,3
181,2015/16,H202H,Live,2
182,2015/16,N161H,Live,2304
183,2015/16,N161H,Still,5
184,2015/16,N333H,Live,122
185,2015/16,N411H,Live,185
186,2015/16,T101H,Live,17
187,2015/16,T304H,Live,1
188,2015/16,T310H,Live,48
189,2015/16,V217H,Live,1
190,2015/16,Y104H,Live,1
191,2015/16,Z102H,Live,1
192,2015/16,C106H,Live,14
193,2015/16,C113H,Live,3
194,2015/16,C121H,Live,12
195,2015/16,C122H,Live,10
196,2015/16,C206H,Live,10
197,2015/16,C418H,Live,534
198,2015/16,C418H,Still,1
199,2015/16,F705H,Live,1
200,2015/16,G108H,Live,11
201,2015/16,G405H,Live,35
202,2015/16,H202H,Live,6
203,2015/16,H224H,Live,11
204,2015/16,L308H,Live,1
205,2015/16,N161H,Live,1
206,2015/16,N411H,Live,1
207,2015/16,S308H,Live,2
208,2015/16,S314H,Live,1
209,2015/16,V217H,Live,2
210,2015/16,A111H,Live,1
211,2015/16,B120H,Live,4
212,2015/16,F705H,Live,1
213,2015/16,G405H,Live,5
214,2015/16,N161H,Live,4
215,2015/16,S308H,Live,694
216,2015/16,S308H,Still,4
217,2015/16,S314H,Live,4556
218,2015/16,S314H,Still,18
219,2015/16,V217H,Live,1
220,2015/16,A111H,Live,10
221,2015/16,C418H,Live,1509
222,2015/16,C418H,Still,1
223,2015/16,G108H,Live,14
224,2015/16,G108H,Still,1
225,2015/16,G405H,Live,220
226,2015/16,G405H,Still,1
227,2015/16,L308H,Live,1
228,2015/16,N161H,Live,1
229,2015/16,T101H,Live,2
230,2015/16,V217H,Live,5
231,2015/16,Y104H,Live,2
232,2015/16,C206H,Live,24
233,2015/16,C418H,Live,408
234,2015/16,F705H,Live,2
235,2015/16,G108H,Live,19
236,2015/16,G108H,Still,1
237,2015/16,G405H,Live,447
238,2015/16,G405H,Still,2
239,2015/16,S314H,Live,2
240,2015/16,V217H,Live,3
241,2015/16,F705H,Live,5
242,2015/16,G108H,Live,1
243,2015/16,L308H,Live,2
244,2015/16,N161H,Live,1
245,2015/16,S308H,Live,1834
246,2015/16,S308H,Still,5
247,2015/16,S314H,Live,96
248,2015/16,T101H,Live,1
249,2015/16,V217H,Live,11
250,2015/16,G405H,Live,3
251,2015/16,L308H,Live,1
252,2015/16,N161H,Live,21
253,2015/16,N411H,Live,1
254,2015/16,S314H,Live,4
255,2015/16,T101H,Live,870
256,2015/16,T101H,Still,1
257,2015/16,T202H,Live,1
258,2015/16,T304H,Live,92
259,2015/16,T310H,Live,82
260,2015/16,T310H,Still,1
261,2015/16,V217H,Live,1
262,2015/16,F705H,Live,5
263,2015/16,G405H,Live,3
264,2015/16,G405H,Still,2
265,2015/16,N161H,Live,5
266,2015/16,S314H,Live,1
267,2015/16,T101H,Live,1536
268,2015/16,T101H,Still,5
269,2015/16,T101H,Unknown,1
270,2015/16,T304H,Live,2
271,2015/16,C418H,Live,12
272,2015/16,G108H,Live,640
273,2015/16,G108H,Still,2
274,2015/16,G405H,Live,345
275,2015/16,G405H,Still,1
276,2015/16,L308H,Live,4
277,2015/16,V217H,Live,4
278,2015/16,A111H,Live,1
279,2015/16,C418H,Live,1
280,2015/16,F705H,Live,3291
281,2015/16,F705H,Still,12
282,2015/16,G108H,Live,2
283,2015/16,G405H,Live,3
284,2015/16,H202H,Live,1
285,2015/16,N161H,Still,2
286,2015/16,N411H,Live,1
287,2015/16,S308H,Live,9
288,2015/16,S314H,Live,22
289,2015/16,T101H,Live,346
290,2015/16,T202H,Live,1
291,2015/16,T310H,Live,1
292,2015/16,V217H,Live,31
293,2015/16,F705H,Live,37
294,2015/16,F705H,Still,1
295,2015/16,G405H,Live,2
296,2015/16,H202H,Live,3
297,2015/16,T101H,Live,960
298,2015/16,T101H,Still,4
299,2015/16,T202H,Live,257
300,2015/16,V217H,Live,29
301,2015/16,A111H,Live,4
302,2015/16,C418H,Live,82
303,2015/16,C418H,Still,1
304,2015/16,G108H,Live,3183
305,2015/16,G108H,Still,14
306,2015/16,G405H,Live,3710
307,2015/16,G405H,Still,17
308,2015/16,L308H,Live,11
309,2015/16,N161H,Live,1
310,2015/16,S314H,Live,1
311,2015/16,T101H,Live,3
312,2015/16,V217H,Live,2
313,2015/16,Y104H,Live,1
314,2015/16,A111H,Live,2
315,2015/16,C418H,Live,5
316,2015/16,F705H,Live,2
317,2015/16,G108H,Live,922
318,2015/16,G108H,Still,2
319,2015/16,G405H,Live,44
320,2015/16,L308H,Live,2420
321,2015/16,L308H,Still,11
322,2015/16,N161H,Live,2
323,2015/16,N411H,Live,2
324,2015/16,S308H,Live,12
325,2015/16,S314H,Live,3
326,2015/16,V217H,Live,191
327,2015/16,V217H,Still,2
328,2015/16,Y104H,Live,2
329,2016/17,A111H,Live,2
330,2016/17,B120H,Live,71
331,2016/17,C418H,Live,2
332,2016/17,F705H,Live,2
333,2016/17,G108H,Live,8
334,2016/17,H202H,Live,5
335,2016/17,L308H,Live,5
336,2016/17,N161H,Live,11
337,2016/17,N411H,Live,3
338,2016/17,S314H,Live,11
339,2016/17,S314H,Still,1
340,2016/17,T101H,Live,1
341,2016/17,Y104H,Live,3
342,2016/17,Z102H,Live,1
343,2016/17,F705H,Live,1
344,2016/17,G108H,Live,1
345,2016/17,G405H,Live,3
346,2016/17,S314H,Live,1
347,2016/17,V217H,Live,512
348,2016/17,V217H,Still,5
349,2016/17,A111H,Live,5
350,2016/17,C418H,Live,1
351,2016/17,F705H,Live,1
352,2016/17,G108H,Live,3
353,2016/17,G405H,Live,13
354,2016/17,T101H,Live,1
355,2016/17,Y104H,Live,1192
356,2016/17,Y104H,Still,1
357,2016/17,Y144H,Live,27
358,2016/17,A111H,Live,1203
359,2016/17,A111H,Still,3
360,2016/17,C418H,Live,7
361,2016/17,G108H,Live,3
362,2016/17,G405H,Live,11
363,2016/17,L308H,Live,3
364,2016/17,T101H,Live,2
365,2016/17,B120H,Live,27
366,2016/17,G108H,Live,2
367,2016/17,G405H,Live,1
368,2016/17,N161H,Live,1
369,2016/17,S308H,Live,43
370,2016/17,S314H,Live,932
371,2016/17,S314H,Still,5
372,2016/17,Y104H,Live,1
373,2016/17,A111H,Live,6
374,2016/17,B120H,Live,1
375,2016/17,C418H,Live,248
376,2016/17,G108H,Live,34
377,2016/17,G405H,Live,565
378,2016/17,L308H,Live,3
379,2016/17,C418H,Live,1
380,2016/17,G108H,Live,5
381,2016/17,G405H,Live,34
382,2016/17,H202H,Live,4
383,2016/17,L308H,Live,3
384,2016/17,V217H,Live,1
385,2016/17,W107H,Live,185
386,2016/17,W107H,Still,1
387,2016/17,W108H,Live,1
388,2016/17,A111H,Live,3
389,2016/17,C418H,Live,4
390,2016/17,F705H,Live,3
391,2016/17,G108H,Live,12
392,2016/17,G405H,Live,8
393,2016/17,G405H,Still,1
394,2016/17,L308H,Live,3
395,2016/17,N161H,Live,1
396,2016/17,S308H,Live,16
397,2016/17,S314H,Live,16
398,2016/17,T101H,Live,2
399,2016/17,V217H,Live,1498
400,2016/17,V217H,Still,4
401,2016/17,Y104H,Live,1
402,2016/17,Z102H,Live,1
403,2016/17,A111H,Live,2
404,2016/17,C418H,Live,3
405,2016/17,F705H,Live,4
406,2016/17,G108H,Live,3
407,2016/17,G405H,Live,5
408,2016/17,G405H,Still,2
409,2016/17,H103H,Live,38
410,2016/17,H103H,Still,1
411,2016/17,H202H,Live,1993
412,2016/17,H202H,Still,2
413,2016/17,H212H,Live,17
414,2016/17,H214H,Live,11
415,2016/17,L308H,Live,1
416,2016/17,N161H,Live,7
417,2016/17,N411H,Live,5
418,2016/17,S308H,Live,1
419,2016/17,S314H,Live,1
420,2016/17,T101H,Live,1
421,2016/17,V217H,Live,1
422,2016/17,A111H,Live,4
423,2016/17,C313H,Live,15
424,2016/17,C418H,Live,622
425,2016/17,F705H,Live,1
426,2016/17,G108H,Live,5
427,2016/17,G405H,Live,28
428,2016/17,B120H,Live,11
429,2016/17,F705H,Live,2
430,2016/17,G405H,Live,1
431,2016/17,N161H,Live,1
432,2016/17,S308H,Live,71
433,2016/17,S314H,Live,978
434,2016/17,S314H,Still,2
435,2016/17,G108H,Live,1
436,2016/17,H202H,Live,27
437,2016/17,L308H,Live,1
438,2016/17,N161H,Live,73
439,2016/17,N333H,Live,1
440,2016/17,N411H,Live,798
441,2016/17,N411H,Still,1
442,2016/17,T101H,Live,2
443,2016/17,A111H,Live,1130
444,2016/17,A111H,Still,2
445,2016/17,C418H,Live,40
446,2016/17,G108H,Live,5
447,2016/17,G405H,Live,17
448,2016/17,H202H,Live,1
449,2016/17,G405H,Live,1
450,2016/17,H202H,Live,1
451,2016/17,N161H,Live,65
452,2016/17,R101H,Live,110
453,2016/17,S314H,Live,1
454,2016/17,B120H,Live,866
455,2016/17,B120H,Still,3
456,2016/17,G405H,Live,2
457,2016/17,N161H,Live,1
458,2016/17,S314H,Live,41
459,2016/17,H202H,Live,1
460,2016/17,N161H,Live,120
461,2016/17,Z102H,Live,135
462,2016/17,A111H,Live,956
463,2016/17,A111H,Still,2
464,2016/17,C418H,Live,1
465,2016/17,G108H,Live,2
466,2016/17,G405H,Live,5
467,2016/17,A111H,Live,8
468,2016/17,B120H,Live,3
469,2016/17,C418H,Live,18
470,2016/17,F705H,Live,4
471,2016/17,G108H,Live,665
472,2016/17,G108H,Still,3
473,2016/17,G405H,Live,367
474,2016/17,L308H,Live,2142
475,2016/17,L308H,Still,5
476,2016/17,N161H,Live,1
477,2016/17,S308H,Live,30
478,2016/17,S314H,Live,17
479,2016/17,V217H,Live,2
480,2016/17,Y104H,Live,3
481,2016/17,C418H,Live,4
482,2016/17,F705H,Live,1
483,2016/17,G108H,Live,16
484,2016/17,G405H,Live,37
485,2016/17,S314H,Live,2
486,2016/17,V217H,Live,754
487,2016/17,V217H,Still,6
488,2016/17,F705H,Live,2
489,2016/17,G405H,Live,3
490,2016/17,H202H,Live,1
491,2016/17,N161H,Live,2591
492,2016/17,N161H,Still,15
493,2016/17,N333H,Live,4
494,2016/17,N411H,Live,15
495,2016/17,T101H,Live,1
496,2016/17,T304H,Live,2
497,2016/17,T310H,Live,1
498,2016/17,Z102H,Live,1
499,2016/17,F705H,Live,5
500,2016/17,F705H,Still,1
501,2016/17,H202H,Live,1
502,2016/17,N161H,Live,2282
503,2016/17,N161H,Still,8
504,2016/17,N333H,Live,98
505,2016/17,N411H,Live,194
506,2016/17,R101H,Live,1
507,2016/17,S314H,Live,1
508,2016/17,T101H,Live,22
509,2016/17,T304H,Live,12
510,2016/17,T310H,Live,8
511,2016/17,V217H,Live,1
512,2016/17,A111H,Live,2
513,2016/17,B120H,Live,1
514,2016/17,C106H,Live,15
515,2016/17,C113H,Live,9
516,2016/17,C121H,Live,21
517,2016/17,C122H,Live,9
518,2016/17,C206H,Live,7
519,2016/17,C418H,Live,555
520,2016/17,C418H,Still,2
521,2016/17,F705H,Live,2
522,2016/17,G108H,Live,9
523,2016/17,G405H,Live,47
524,2016/17,H202H,Live,3
525,2016/17,H224H,Live,5
526,2016/17,N161H,Live,1
527,2016/17,S308H,Live,1
528,2016/17,V217H,Live,3
529,2016/17,B120H,Live,5
530,2016/17,F705H,Live,3
531,2016/17,G108H,Live,1
532,2016/17,G405H,Live,6
533,2016/17,N161H,Live,5
534,2016/17,N333H,Live,1
535,2016/17,S308H,Live,618
536,2016/17,S314H,Live,4532
537,2016/17,S314H,Still,12
538,2016/17,T202H,Live,1
539,2016/17,V217H,Live,4
540,2016/17,A111H,Live,2
541,2016/17,B120H,Live,1
542,2016/17,C418H,Live,1477
543,2016/17,C418H,Still,5
544,2016/17,F705H,Live,2
545,2016/17,G108H,Live,14
546,2016/17,G405H,Live,213
547,2016/17,G405H,Still,1
548,2016/17,L308H,Live,2
549,2016/17,N161H,Live,2
550,2016/17,S314H,Live,1
551,2016/17,A111H,Live,1
552,2016/17,C206H,Live,15
553,2016/17,C418H,Live,439
554,2016/17,C418H,Still,1
555,2016/17,F705H,Live,1
556,2016/17,G108H,Live,14
557,2016/17,G405H,Live,448
558,2016/17,G405H,Still,1
559,2016/17,S314H,Live,1
560,2016/17,C418H,Live,1
561,2016/17,F705H,Live,1
562,2016/17,G405H,Live,3
563,2016/17,L308H,Live,5
564,2016/17,S308H,Live,1835
565,2016/17,S308H,Still,4
566,2016/17,S314H,Live,86
567,2016/17,T101H,Live,1
568,2016/17,V217H,Live,14
569,2016/17,F705H,Live,1
570,2016/17,N161H,Live,11
571,2016/17,T101H,Live,832
572,2016/17,T101H,Still,2
573,2016/17,T304H,Live,120
574,2016/17,T310H,Live,18
575,2016/17,F705H,Live,6
576,2016/17,G405H,Live,1
577,2016/17,N161H,Live,3
578,2016/17,S314H,Live,2
579,2016/17,T101H,Live,1572
580,2016/17,T101H,Still,9
581,2016/17,T304H,Live,1
582,2016/17,C418H,Live,6
583,2016/17,G108H,Live,607
584,2016/17,G108H,Still,3
585,2016/17,G405H,Live,361
586,2016/17,G405H,Still,1
587,2016/17,L308H,Live,3
588,2016/17,N161H,Live,1
589,2016/17,V217H,Live,3
590,2016/17,Y104H,Live,1
591,2016/17,B120H,Live,1
592,2016/17,F705H,Live,3272
593,2016/17,F705H,Still,18
594,2016/17,F705H,Unknown,1
595,2016/17,G108H,Live,1
596,2016/17,G405H,Live,2
597,2016/17,H202H,Live,1
598,2016/17,N161H,Live,1
599,2016/17,N411H,Live,1
600,2016/17,S308H,Live,4
601,2016/17,S314H,Live,13
602,2016/17,T101H,Live,311
603,2016/17,T202H,Live,4
604,2016/17,V217H,Live,33
605,2016/17,F705H,Live,40
606,2016/17,N161H,Live,1
607,2016/17,S314H,Live,4
608,2016/17,T101H,Live,961
609,2016/17,T101H,Still,5
610,2016/17,T202H,Live,265
611,2016/17,T202H,Still,1
612,2016/17,V217H,Live,43
613,2016/17,A111H,Live,1
614,2016/17,B120H,Live,1
615,2016/17,C418H,Live,103
616,2016/17,G108H,Live,3073
617,2016/17,G108H,Still,15
618,2016/17,G405H,Live,3693
619,2016/17,G405H,Still,25
620,2016/17,H202H,Live,1
621,2016/17,L308H,Live,10
622,2016/17,N161H,Still,1
623,2016/17,N411H,Live,1
624,2016/17,V217H,Live,3
625,2016/17,A111H,Live,2
626,2016/17,C418H,Live,6
627,2016/17,F705H,Live,1
628,2016/17,G108H,Live,857
629,2016/17,G108H,Still,4
630,2016/17,G405H,Live,52
631,2016/17,H202H,Live,1
632,2016/17,L308H,Live,2306
633,2016/17,L308H,Still,13
634,2016/17,N161H,Live,3
635,2016/17,S308H,Live,13
636,2016/17,S314H,Live,2
637,2016/17,V217H,Live,228
638,2017/18,A111H,Live,1
639,2017/18,B120H,Live,59
640,2017/18,F705H,Live,1
641,2017/18,G108H,Live,3
642,2017/18,G405H,Live,1
643,2017/18,G405H,Still,1
644,2017/18,H202H,Live,3
645,2017/18,L308H,Live,4
646,2017/18,L308H,Still,2
647,2017/18,N161H,Live,4
648,2017/18,N411H,Live,1
649,2017/18,S308H,Live,4
650,2017/18,S314H,Live,12
651,2017/18,T101H,Live,1
652,2017/18,V217H,Live,1
653,2017/18,Y104H,Live,5
654,2017/18,Y146H,Live,1
655,2017/18,Z102H,Live,2
656,2017/18,F705H,Live,1
657,2017/18,G108H,Live,2
658,2017/18,G405H,Live,4
659,2017/18,S308H,Live,1
660,2017/18,S314H,Live,1
661,2017/18,V217H,Live,520
662,2017/18,V217H,Still,2
663,2017/18,A111H,Live,6
664,2017/18,C418H,Live,1
665,2017/18,G108H,Live,2
666,2017/18,L308H,Live,4
667,2017/18,S314H,Live,3
668,2017/18,V217H,Live,1
669,2017/18,Y104H,Live,870
670,2017/18,Y104H,Still,2
671,2017/18,Y144H,Live,11
672,2017/18,Y146H,Live,370
673,2017/18,Y146H,Still,1
674,2017/18,A111H,Live,1151
675,2017/18,A111H,Still,2
676,2017/18,C418H,Live,5
677,2017/18,G108H,Live,6
678,2017/18,G405H,Live,4
679,2017/18,L308H,Live,2
680,2017/18,V217H,Live,1
681,2017/18,B120H,Live,20
682,2017/18,S308H,Live,39
683,2017/18,S314H,Live,881
684,2017/18,S314H,Still,3
685,2017/18,A111H,Live,7
686,2017/18,C418H,Live,256
687,2017/18,G108H,Live,29
688,2017/18,G405H,Live,567
689,2017/18,G405H,Still,2
690,2017/18,L308H,Live,2
691,2017/18,C418H,Live,6
692,2017/18,G108H,Live,4
693,2017/18,G405H,Live,28
694,2017/18,H202H,Live,8
695,2017/18,L308H,Live,3
696,2017/18,N161H,Live,1
697,2017/18,W107H,Live,149
698,2017/18,W107H,Still,2
699,2017/18,F705H,Live,5
700,2017/18,G108H,Live,6
701,2017/18,G405H,Live,4
702,2017/18,G405H,Still,2
703,2017/18,L308H,Live,4
704,2017/18,S308H,Live,16
705,2017/18,S314H,Live,6
706,2017/18,T101H,Live,5
707,2017/18,V217H,Live,1453
708,2017/18,V217H,Still,3
709,2017/18,A111H,Live,1
710,2017/18,C418H,Live,2
711,2017/18,G108H,Live,1
712,2017/18,G405H,Live,5
713,2017/18,H103H,Live,16
714,2017/18,H103H,Still,1
715,2017/18,H202H,Live,1970
716,2017/18,H202H,Still,3
717,2017/18,H212H,Live,22
718,2017/18,H214H,Live,1
719,2017/18,N161H,Live,7
720,2017/18,N411H,Live,1
721,2017/18,S314H,Live,7
722,2017/18,T101H,Live,2
723,2017/18,A111H,Live,3
724,2017/18,C313H,Live,20
725,2017/18,C418H,Live,631
726,2017/18,C418H,Still,4
727,2017/18,F705H,Live,1
728,2017/18,G108H,Live,4
729,2017/18,G405H,Live,23
730,2017/18,V217H,Live,2
731,2017/18,B120H,Live,20
732,2017/18,G405H,Live,2
733,2017/18,S308H,Live,79
734,2017/18,S314H,Live,960
735,2017/18,S314H,Still,2
736,2017/18,Y104H,Live,1
737,2017/18,F705H,Live,2
738,2017/18,G405H,Live,2
739,2017/18,H202H,Live,16
740,2017/18,N161H,Live,79
741,2017/18,N411H,Live,711
742,2017/18,N411H,Still,4
743,2017/18,T101H,Live,1
744,2017/18,A101H,Live,2
745,2017/18,A111H,Live,1110
746,2017/18,A111H,Still,6
747,2017/18,C418H,Live,56
748,2017/18,G108H,Live,5
749,2017/18,G405H,Live,18
750,2017/18,L308H,Live,1
751,2017/18,S314H,Live,1
752,2017/18,H202H,Live,3
753,2017/18,N161H,Live,54
754,2017/18,R101H,Live,111
755,2017/18,A111H,Live,1
756,2017/18,B120H,Live,891
757,2017/18,B120H,Still,7
758,2017/18,G108H,Live,2
759,2017/18,L308H,Live,2
760,2017/18,S308H,Live,1
761,2017/18,S314H,Live,34
762,2017/18,S314H,Still,1
763,2017/18,C418H,Live,2
764,2017/18,N161H,Live,96
765,2017/18,N161H,Still,1
766,2017/18,R101H,Live,1
767,2017/18,T101H,Live,2
768,2017/18,Z102H,Live,110
769,2017/18,A111H,Live,932
770,2017/18,A111H,Still,7
771,2017/18,G108H,Live,2
772,2017/18,G405H,Live,6
773,2017/18,T202H,Live,1
774,2017/18,Y144H,Live,1
775,2017/18,A111H,Live,7
776,2017/18,C418H,Live,12
777,2017/18,G108H,Live,694
778,2017/18,G108H,Still,4
779,2017/18,G405H,Live,381
780,2017/18,G405H,Still,3
781,2017/18,L308H,Live,2033
782,2017/18,L308H,Still,5
783,2017/18,S308H,Live,30
784,2017/18,S314H,Live,11
785,2017/18,T101H,Live,1
786,2017/18,V217H,Live,2
787,2017/18,Y104H,Live,3
788,2017/18,C418H,Live,5
789,2017/18,F705H,Live,1
790,2017/18,G108H,Live,10
791,2017/18,G405H,Live,35
792,2017/18,G405H,Still,1
793,2017/18,L308H,Live,1
794,2017/18,N161H,Live,1
795,2017/18,S308H,Live,1
796,2017/18,T101H,Live,3
797,2017/18,T202H,Live,1
798,2017/18,V217H,Live,720
799,2017/18,V217H,Still,3
800,2017/18,G405H,Live,3
801,2017/18,N161H,Live,2488
802,2017/18,N161H,Still,4
803,2017/18,N333H,Live,8
804,2017/18,N411H,Live,17
805,2017/18,R101H,Live,1
806,2017/18,S314H,Live,4
807,2017/18,T101H,Live,2
808,2017/18,W107H,Live,1
809,2017/18,Z102H,Live,2
810,2017/18,F705H,Live,2
811,2017/18,G405H,Live,3
812,2017/18,H202H,Live,1
813,2017/18,N161H,Live,2237
814,2017/18,N161H,Still,9
815,2017/18,N333H,Live,68
816,2017/18,N411H,Live,177
817,2017/18,R101H,Live,1
818,2017/18,T101H,Live,21
819,2017/18,T304H,Live,6
820,2017/18,A111H,Live,3
821,2017/18,C106H,Live,2
822,2017/18,C113H,Live,6
823,2017/18,C121H,Live,16
824,2017/18,C122H,Live,5
825,2017/18,C206H,Live,14
826,2017/18,C418H,Live,487
827,2017/18,C418H,Still,2
828,2017/18,F705H,Live,1
829,2017/18,G108H,Live,12
830,2017/18,G405H,Live,40
831,2017/18,H202H,Live,5
832,2017/18,H224H,Live,8
833,2017/18,L308H,Live,5
834,2017/18,S308H,Live,1
835,2017/18,S314H,Live,2
836,2017/18,T101H,Live,3
837,2017/18,V217H,Live,4
838,2017/18,B120H,Live,1
839,2017/18,F705H,Live,5
840,2017/18,G405H,Live,4
841,2017/18,L308H,Live,1
842,2017/18,S308H,Live,600
843,2017/18,S314H,Live,4341
844,2017/18,S314H,Still,20
845,2017/18,V217H,Live,2
846,2017/18,Y146H,Live,1
847,2017/18,A111H,Live,2
848,2017/18,C418H,Live,1515
849,2017/18,C418H,Still,4
850,2017/18,G108H,Live,22
851,2017/18,G405H,Live,226
852,2017/18,G405H,Still,3
853,2017/18,L308H,Live,4
854,2017/18,S314H,Live,2
855,2017/18,C206H,Live,15
856,2017/18,C418H,Live,415
857,2017/18,C418H,Still,1
858,2017/18,G108H,Live,16
859,2017/18,G405H,Live,439
860,2017/18,G405H,Still,1
861,2017/18,L308H,Live,3
862,2017/18,S308H,Live,1
863,2017/18,V217H,Live,2
864,2017/18,F705H,Live,3
865,2017/18,G405H,Live,2
866,2017/18,L308H,Live,2
867,2017/18,S308H,Live,1780
868,2017/18,S308H,Still,6
869,2017/18,S314H,Live,83
870,2017/18,S314H,Still,1
871,2017/18,V217H,Live,13
872,2017/18,C418H,Live,2
873,2017/18,N161H,Live,4
874,2017/18,T101H,Live,855
875,2017/18,T101H,Still,3
876,2017/18,T304H,Live,146
877,2017/18,V217H,Live,1
878,2017/18,F705H,Live,4
879,2017/18,G405H,Live,1
880,2017/18,N161H,Live,2
881,2017/18,T101H,Live,1442
882,2017/18,T101H,Still,3
883,2017/18,T304H,Live,2
884,2017/18,A111H,Live,2
885,2017/18,C418H,Live,14
886,2017/18,G108H,Live,623
887,2017/18,G108H,Still,1
888,2017/18,G405H,Live,355
889,2017/18,L308H,Live,1
890,2017/18,V217H,Live,6
891,2017/18,F705H,Live,3099
892,2017/18,F705H,Still,9
893,2017/18,G405H,Live,7
894,2017/18,L308H,Live,1
895,2017/18,N161H,Live,1
896,2017/18,S308H,Live,3
897,2017/18,S308H,Still,1
898,2017/18,S314H,Live,17
899,2017/18,T101H,Live,282
900,2017/18,T101H,Still,2
901,2017/18,T202H,Live,2
902,2017/18,V217H,Live,18
903,2017/18,F705H,Live,40
904,2017/18,F705H,Still,1
905,2017/18,G108H,Live,1
906,2017/18,G405H,Live,4
907,2017/18,S308H,Live,1
908,2017/18,S314H,Live,4
909,2017/18,T101H,Live,899
910,2017/18,T101H,Still,6
911,2017/18,T202H,Live,216
912,2017/18,V217H,Live,25
913,2017/18,Y104H,Live,1
914,2017/18,A111H,Live,1
915,2017/18,C418H,Live,96
916,2017/18,C418H,Still,1
917,2017/18,G108H,Live,3025
918,2017/18,G108H,Still,20
919,2017/18,G405H,Live,3446
920,2017/18,G405H,Still,13
921,2017/18,L308H,Live,24
922,2017/18,S308H,Live,2
923,2017/18,S314H,Live,1
924,2017/18,V217H,Live,5
925,2017/18,A111H,Live,2
926,2017/18,C418H,Live,3
927,2017/18,G108H,Live,936
928,2017/18,G108H,Still,5
929,2017/18,G405H,Live,46
930,2017/18,L308H,Live,2305
931,2017/18,L308H,Still,12
932,2017/18,N161H,Live,1
933,2017/18,S308H,Live,16
934,2017/18,S314H,Live,1
935,2017/18,T101H,Live,3
936,2017/18,V217H,Live,238
937,2017/18,V217H,Still,1
938,2018/19,A111H,Live,1
939,2018/19,B120H,Live,62
940,2018/19,C418H,Live,1
941,2018/19,F705H,Live,2
942,2018/19,G108H,Live,6
943,2018/19,G405H,Live,3
944,2018/19,H202H,Live,6
945,2018/19,L308H,Live,4
946,2018/19,N161H,Live,11
947,2018/19,S308H,Live,1
948,2018/19,S314H,Live,15
949,2018/19,T101H,Live,1
950,2018/19,V217H,Live,3
951,2018/19,Y146H,Live,4
952,2018/19,A111H,Live,1
953,2018/19,F705H,Live,1
954,2018/19,G405H,Live,6
955,2018/19,L308H,Live,1
956,2018/19,V217H,Live,420
957,2018/19,A111H,Live,2
958,2018/19,C418H,Live,1
959,2018/19,G108H,Live,3
960,2018/19,G405H,Live,9
961,2018/19,L308H,Live,3
962,2018/19,T101H,Live,1
963,2018/19,V217H,Live,1
964,2018/19,Y146H,Live,1129
965,2018/19,Y146H,Still,3
966,2018/19,A111H,Live,1104
967,2018/19,A111H,Still,3
968,2018/19,C418H,Live,3
969,2018/19,F705H,Live,1
970,2018/19,G108H,Live,2
971,2018/19,G405H,Live,7
972,2018/19,L308H,Live,3
973,2018/19,S314H,Live,2
974,2018/19,V217H,Live,2
975,2018/19,B120H,Live,21
976,2018/19,G405H,Live,1
977,2018/19,S308H,Live,23
978,2018/19,S314H,Live,946
979,2018/19,S314H,Still,3
980,2018/19,T101H,Live,1
981,2018/19,V217H,Live,1
982,2018/19,A111H,Live,3
983,2018/19,C418H,Live,256
984,2018/19,G108H,Live,37
985,2018/19,G405H,Live,558
986,2018/19,G405H,Still,1
987,2018/19,L308H,Live,3
988,2018/19,V217H,Live,1
989,2018/19,A111H,Live,1
990,2018/19,C418H,Live,2
991,2018/19,G108H,Still,2
992,2018/19,G405H,Still,30
993,2018/19,H202H,Live,5
994,2018/19,W106H,Live,1
995,2018/19,W107H,Live,160
996,2018/19,G108H,Still,10
997,2018/19,G405H,Live,5
998,2018/19,L308H,Live,5
999,2018/19,N161H,Live,1
1000,2018/19,S308H,Live,17
1001,2018/19,S314H,Live,4
1002,2018/19,T101H,Live,1
1003,2018/19,V217H,Live,1480
1004,2018/19,V217H,Still,5
1005,2018/19,A111H,Live,1
1006,2018/19,C418H,Live,3
1007,2018/19,F705H,Still,4
1008,2018/19,G108H,Live,1
1009,2018/19,G405H,Live,8
1010,2018/19,H103H,Live,16
1011,2018/19,H202H,Live,1873
1012,2018/19,H202H,Still,6
1013,2018/19,H212H,Live,15
1014,2018/19,N161H,Live,5
1015,2018/19,N411H,Live,1
1016,2018/19,S308H,Live,2
1017,2018/19,S314H,Live,2
1018,2018/19,T101H,Live,1
1019,2018/19,A111H,Live,2
1020,2018/19,C313H,Live,12
1021,2018/19,C418H,Live,625
1022,2018/19,C418H,Still,1
1023,2018/19,G108H,Live,4
1024,2018/19,G405H,Live,26
1025,2018/19,G405H,Still,1
1026,2018/19,L308H,Live,1
1027,2018/19,V217H,Live,1
1028,2018/19,B120H,Live,18
1029,2018/19,S308H,Live,55
1030,2018/19,S314H,Live,993
1031,2018/19,S314H,Still,5
1032,2018/19,F705H,Live,2
1033,2018/19,G405H,Live,1
1034,2018/19,H202H,Live,48
1035,2018/19,N161H,Live,358
1036,2018/19,N161H,Still,2
1037,2018/19,N333H,Live,2
1038,2018/19,N411H,Live,401
1039,2018/19,N411H,Still,1
1040,2018/19,S308H,Live,1
1041,2018/19,T101H,Live,1
1042,2018/19,A111H,Live,1016
1043,2018/19,A111H,Still,2
1044,2018/19,C418H,Live,60
1045,2018/19,G108H,Live,2
1046,2018/19,G405H,Live,14
1047,2018/19,L308H,Live,2
1048,2018/19,T101H,Live,1
1049,2018/19,V217H,Live,3
1050,2018/19,N161H,Live,46
1051,2018/19,R101H,Live,128
1052,2018/19,B120H,Live,868
1053,2018/19,B120H,Still,3
1054,2018/19,G405H,Live,1
1055,2018/19,L308H,Live,1
1056,2018/19,S314H,Live,30
1057,2018/19,Y146H,Live,1
1058,2018/19,G405H,Live,2
1059,2018/19,N161H,Live,112
1060,2018/19,S314H,Live,1
1061,2018/19,Z102H,Live,92
1062,2018/19,A111H,Live,868
1063,2018/19,A111H,Still,2
1064,2018/19,C418H,Live,1
1065,2018/19,G108H,Live,10
1066,2018/19,G405H,Live,5
1067,2018/19,L308H,Live,1
1068,2018/19,A111H,Live,11
1069,2018/19,C418H,Live,12
1070,2018/19,G108H,Live,622
1071,2018/19,G108H,Still,2
1072,2018/19,G405H,Live,405
1073,2018/19,G405H,Still,4
1074,2018/19,L308H,Live,1996
1075,2018/19,L308H,Still,8
1076,2018/19,N161H,Live,2
1077,2018/19,S308H,Live,28
1078,2018/19,S314H,Live,8
1079,2018/19,T101H,Live,1
1080,2018/19,V217H,Live,6
1081,2018/19,Y146H,Live,3
1082,2018/19,B120H,Live,1
1083,2018/19,C418H,Live,4
1084,2018/19,G108H,Live,13
1085,2018/19,G405H,Live,26
1086,2018/19,L308H,Live,2
1087,2018/19,S314H,Live,1
1088,2018/19,T202H,Live,2
1089,2018/19,V217H,Live,705
1090,2018/19,G405H,Live,4
1091,2018/19,N161H,Live,2507
1092,2018/19,N161H,Still,11
1093,2018/19,N331H,Live,4
1094,2018/19,N333H,Live,8
1095,2018/19,N411H,Live,7
1096,2018/19,S308H,Live,2
1097,2018/19,F705H,Live,2
1098,2018/19,G405H,Live,1
1099,2018/19,H202H,Live,4
1100,2018/19,N161H,Live,2174
1101,2018/19,N161H,Still,8
1102,2018/19,N331H,Live,19
1103,2018/19,N333H,Live,115
1104,2018/19,N411H,Live,75
1105,2018/19,N411H,Still,1
1106,2018/19,R101H,Live,1
1107,2018/19,S314H,Live,1
1108,2018/19,T101H,Live,23
1109,2018/19,T304H,Live,7
1110,2018/19,A111H,Live,3
1111,2018/19,B120H,Live,1
1112,2018/19,C106H,Live,13
1113,2018/19,C113H,Live,5
1114,2018/19,C121H,Live,13
1115,2018/19,C122H,Live,3
1116,2018/19,C206H,Live,5
1117,2018/19,C418H,Live,504
1118,2018/19,C418H,Still,2
1119,2018/19,G108H,Live,12
1120,2018/19,G405H,Live,46
1121,2018/19,G405H,Still,1
1122,2018/19,H202H,Live,3
1123,2018/19,H212H,Live,1
1124,2018/19,H224H,Live,5
1125,2018/19,L308H,Live,2
1126,2018/19,S308H,Live,1
1127,2018/19,S314H,Live,2
1128,2018/19,V217H,Live,3
1129,2018/19,B120H,Live,2
1130,2018/19,F705H,Live,3
1131,2018/19,G405H,Live,3
1132,2018/19,L308H,Live,1
1133,2018/19,S308H,Live,642
1134,2018/19,S308H,Still,1
1135,2018/19,S314H,Live,4153
1136,2018/19,S314H,Still,19
1137,2018/19,T101H,Live,1
1138,2018/19,V217H,Live,1
1139,2018/19,A111H,Live,1
1140,2018/19,C418H,Live,1410
1141,2018/19,C418H,Still,5
1142,2018/19,F705H,Live,1
1143,2018/19,G108H,Live,18
1144,2018/19,G405H,Live,241
1145,2018/19,L308H,Live,8
1146,2018/19,S314H,Live,1
1147,2018/19,A111H,Live,2
1148,2018/19,C206H,Live,14
1149,2018/19,C418H,Live,423
1150,2018/19,F705H,Live,2
1151,2018/19,G108H,Live,16
1152,2018/19,G405H,Live,417
1153,2018/19,G405H,Still,3
1154,2018/19,L308H,Live,2
1155,2018/19,Y146H,Live,1
1156,2018/19,F705H,Live,1
1157,2018/19,G405H,Live,1
1158,2018/19,L308H,Live,2
1159,2018/19,S308H,Live,1690
1160,2018/19,S308H,Still,3
1161,2018/19,S314H,Live,79
1162,2018/19,T101H,Live,1
1163,2018/19,V217H,Live,8
1164,2018/19,Y146H,Live,1
1165,2018/19,A111H,Live,1
1166,2018/19,B120H,Live,1
1167,2018/19,F705H,Live,2
1168,2018/19,N161H,Live,5
1169,2018/19,S314H,Live,1
1170,2018/19,T101H,Live,802
1171,2018/19,T101H,Still,1
1172,2018/19,T202H,Live,1
1173,2018/19,T304H,Live,130
1174,2018/19,F705H,Live,4
1175,2018/19,G108H,Live,1
1176,2018/19,G405H,Live,4
1177,2018/19,N161H,Live,1
1178,2018/19,S314H,Live,2
1179,2018/19,T101H,Live,1413
1180,2018/19,T101H,Still,7
1181,2018/19,A111H,Live,1
1182,2018/19,C418H,Live,15
1183,2018/19,G108H,Live,621
1184,2018/19,G108H,Still,3
1185,2018/19,G405H,Live,288
1186,2018/19,L308H,Live,3
1187,2018/19,V217H,Live,3
1188,2018/19,Y146H,Still,6
1189,2018/19,F705H,Live,3076
1190,2018/19,F705H,Still,13
1191,2018/19,G405H,Live,1
1192,2018/19,L308H,Live,1
1193,2018/19,N161H,Live,2
1194,2018/19,S308H,Live,4
1195,2018/19,S314H,Live,17
1196,2018/19,T101H,Live,287
1197,2018/19,T202H,Live,6
1198,2018/19,V217H,Live,30
1199,2018/19,F705H,Live,42
1200,2018/19,F705H,Still,1
1201,2018/19,G405H,Live,2
1202,2018/19,S314H,Live,1
1203,2018/19,T101H,Live,870
1204,2018/19,T101H,Still,2
1205,2018/19,T202H,Live,200
1206,2018/19,V217H,Live,34
1207,2018/19,A111H,Live,1
1208,2018/19,C418H,Live,117
1209,2018/19,G108H,Live,2960
1210,2018/19,G108H,Still,19
1211,2018/19,G405H,Live,3496
1212,2018/19,G405H,Still,12
1213,2018/19,L308H,Live,11
1214,2018/19,S308H,Live,1
1215,2018/19,S314H,Live,1
1216,2018/19,T101H,Live,2
1217,2018/19,V217H,Live,2
1218,2018/19,A111H,Live,2
1219,2018/19,C418H,Live,4
1220,2018/19,G108H,Live,835
1221,2018/19,G108H,Still,2
1222,2018/19,G405H,Live,52
1223,2018/19,L308H,Live,2233
1224,2018/19,L308H,Still,7
1225,2018/19,S308H,Live,14
1226,2018/19,S314H,Live,1
1227,2018/19,V217H,Live,236
1228,2019/20,A111H,Live,1
1229,2019/20,B120H,Live,48
1230,2019/20,C418H,Live,2
1231,2019/20,F705H,Live,1
1232,2019/20,G108H,Live,5
1233,2019/20,G405H,Live,2
1234,2019/20,H202H,Still,3
1235,2019/20,L308H,Live,2
1236,2019/20,N161H,Live,5
1237,2019/20,N411H,Live,1
1238,2019/20,S308H,Live,5
1239,2019/20,S314H,Live,19
1240,2019/20,S314H,Still,10
1241,2019/20,T101H,Live,4
1242,2019/20,T202H,Live,1
1243,2019/20,Y146H,Still,20
1244,2019/20,Z102H,Live,1
1245,2019/20,F705H,Live,1
1246,2019/20,G405H,Live,2
1247,2019/20,S314H,Live,2
1248,2019/20,V217H,Live,422
1249,2019/20,V217H,Still,13
1250,2019/20,A111H,Live,2
1251,2019/20,C418H,Live,1
1252,2019/20,G108H,Live,3
1253,2019/20,G405H,Live,6
1254,2019/20,L308H,Live,1
1255,2019/20,S314H,Live,1
1256,2019/20,Y146H,Live,1100
1257,2019/20,Y146H,Still,5
1258,2019/20,A111H,Live,1153
1259,2019/20,A111H,Still,5
1260,2019/20,A111H,Unknown,1
1261,2019/20,C418H,Live,2
1262,2019/20,G108H,Live,1
1263,2019/20,G405H,Live,7
1264,2019/20,L308H,Live,2
1265,2019/20,N161H,Live,1
1266,2019/20,A111H,Live,1
1267,2019/20,B120H,Still,15
1268,2019/20,S308H,Live,31
1269,2019/20,S314H,Live,894
1270,2019/20,S314H,Still,16
1271,2019/20,A111H,Live,4
1272,2019/20,B120H,Live,1
1273,2019/20,C418H,Live,225
1274,2019/20,G108H,Live,42
1275,2019/20,G405H,Live,526
1276,2019/20,G405H,Still,1
1277,2019/20,L308H,Live,2
1278,2019/20,V217H,Live,2
1279,2019/20,C418H,Live,1
1280,2019/20,G108H,Live,5
1281,2019/20,G405H,Live,24
1282,2019/20,H202H,Live,8
1283,2019/20,W107H,Live,161
1284,2019/20,G108H,Live,8
1285,2019/20,G405H,Live,8
1286,2019/20,L308H,Live,3
1287,2019/20,N161H,Live,1
1288,2019/20,S308H,Live,17
1289,2019/20,S314H,Live,5
1290,2019/20,V217H,Live,1361
1291,2019/20,V217H,Still,6
1292,2019/20,A111H,Still,8
1293,2019/20,C418H,Live,2
1294,2019/20,G108H,Live,1
1295,2019/20,G405H,Live,5
1296,2019/20,H103H,Live,12
1297,2019/20,H202H,Live,1886
1298,2019/20,H202H,Still,5
1299,2019/20,H212H,Live,13
1300,2019/20,L308H,Live,1
1301,2019/20,N161H,Live,8
1302,2019/20,N411H,Live,1
1303,2019/20,S314H,Live,2
1304,2019/20,T101H,Live,1
1305,2019/20,V217H,Live,3
1306,2019/20,A111H,Live,2
1307,2019/20,C313H,Live,7
1308,2019/20,C418H,Live,565
1309,2019/20,G108H,Live,8
1310,2019/20,G405H,Live,28
1311,2019/20,L308H,Still,6
1312,2019/20,V217H,Live,2
1313,2019/20,B120H,Live,25
1314,2019/20,G405H,Live,1
1315,2019/20,S308H,Live,47
1316,2019/20,S314H,Live,930
1317,2019/20,S314H,Still,1
1318,2019/20,A111H,Live,1
1319,2019/20,F705H,Live,2
1320,2019/20,G108H,Live,1
1321,2019/20,G405H,Live,1
1322,2019/20,H202H,Live,31
1323,2019/20,L308H,Live,1
1324,2019/20,N161H,Live,589
1325,2019/20,N161H,Still,3
1326,2019/20,N331H,Live,4
1327,2019/20,N411H,Live,220
1328,2019/20,S314H,Live,1
1329,2019/20,A111H,Live,1073
1330,2019/20,A111H,Still,5
1331,2019/20,C418H,Live,57
1332,2019/20,G108H,Live,3
1333,2019/20,G405H,Live,11
1334,2019/20,L308H,Live,3
1335,2019/20,S314H,Live,1
1336,2019/20,T101H,Live,1
1337,2019/20,N161H,Live,45
1338,2019/20,R101H,Live,31
1339,2019/20,R103H,Live,100
1340,2019/20,T101H,Live,1
1341,2019/20,B120H,Live,794
1342,2019/20,G405H,Live,3
1343,2019/20,L308H,Live,4
1344,2019/20,S308H,Live,2
1345,2019/20,S314H,Live,27
1346,2019/20,S314H,Still,1
1347,2019/20,Y146H,Live,2
1348,2019/20,H202H,Live,1
1349,2019/20,N161H,Live,77
1350,2019/20,Z102H,Live,109
1351,2019/20,A111H,Live,849
1352,2019/20,A111H,Still,3
1353,2019/20,C418H,Live,3
1354,2019/20,G108H,Live,2
1355,2019/20,G405H,Live,2
1356,2019/20,L308H,Live,2
1357,2019/20,Y146H,Live,2
1358,2019/20,A111H,Live,9
1359,2019/20,B120H,Live,2
1360,2019/20,C418H,Live,8
1361,2019/20,F705H,Live,1
1362,2019/20,G108H,Live,563
1363,2019/20,G108H,Still,1
1364,2019/20,G405H,Live,437
1365,2019/20,G405H,Still,2
1366,2019/20,L308H,Live,1972
1367,2019/20,L308H,Still,8
1368,2019/20,S308H,Live,22
1369,2019/20,S314H,Live,8
1370,2019/20,V217H,Live,3
1371,2019/20,Y146H,Live,2
1372,2019/20,G108H,Live,14
1373,2019/20,G405H,Live,29
1374,2019/20,S308H,Live,1
1375,2019/20,S314H,Live,2
1376,2019/20,T101H,Live,1
1377,2019/20,V217H,Live,681
1378,2019/20,V217H,Still,3
1379,2019/20,C418H,Live,1
1380,2019/20,G405H,Live,3
1381,2019/20,N161H,Live,2240
1382,2019/20,N161H,Still,6
1383,2019/20,N161H,Unknown,1
1384,2019/20,N331H,Live,30
1385,2019/20,N333H,Live,5
1386,2019/20,N411H,Live,3
1387,2019/20,R103H,Live,2
1388,2019/20,T101H,Live,2
1389,2019/20,Z102H,Live,3
1390,2019/20,D201N,Live,6
1391,2019/20,F705H,Live,1
1392,2019/20,H202H,Live,3
1393,2019/20,L308H,Live,1
1394,2019/20,N161H,Live,1958
1395,2019/20,N161H,Still,9
1396,2019/20,N331H,Live,113
1397,2019/20,N333H,Live,92
1398,2019/20,N411H,Live,19
1399,2019/20,R103H,Live,1
1400,2019/20,T101H,Live,20
1401,2019/20,T202H,Live,1
1402,2019/20,T304H,Live,3
1403,2019/20,A111H,Live,3
1404,2019/20,B120H,Live,1
1405,2019/20,C106H,Live,9
1406,2019/20,C108H,Live,1
1407,2019/20,C113H,Live,3
1408,2019/20,C121H,Live,13
1409,2019/20,C122H,Live,4
1410,2019/20,C206H,Live,1
1411,2019/20,C418H,Live,497
1412,2019/20,G108H,Live,13
1413,2019/20,G405H,Live,31
1414,2019/20,H202H,Live,5
1415,2019/20,H224H,Live,5
1416,2019/20,L308H,Live,1
1417,2019/20,S314H,Live,3
1418,2019/20,T101H,Live,2
1419,2019/20,V217H,Live,7
1420,2019/20,A111H,Live,1
1421,2019/20,B120H,Live,1
1422,2019/20,F705H,Live,1
1423,2019/20,G405H,Live,3
1424,2019/20,H202H,Live,1
1425,2019/20,L308H,Live,1
1426,2019/20,N331H,Live,1
1427,2019/20,S308H,Live,570
1428,2019/20,S308H,Still,2
1429,2019/20,S314H,Live,3952
1430,2019/20,S314H,Still,11
1431,2019/20,T101H,Live,1
1432,2019/20,B120H,Live,1
1433,2019/20,C418H,Live,1414
1434,2019/20,C418H,Still,6
1435,2019/20,G108H,Live,21
1436,2019/20,G405H,Live,235
1437,2019/20,G405H,Still,1
1438,2019/20,H202H,Live,1
1439,2019/20,L308H,Live,2
1440,2019/20,V217H,Live,2
1441,2019/20,W107H,Live,1
1442,2019/20,Y146H,Live,1
1443,2019/20,A111H,Live,2
1444,2019/20,C206H,Live,5
1445,2019/20,C418H,Live,403
1446,2019/20,C418H,Still,2
1447,2019/20,G108H,Live,11
1448,2019/20,G405H,Live,396
1449,2019/20,G405H,Still,2
1450,2019/20,L308H,Live,1
1451,2019/20,V217H,Live,3
1452,2019/20,G108H,Live,1
1453,2019/20,G405H,Live,5
1454,2019/20,L308H,Live,1
1455,2019/20,S308H,Live,1593
1456,2019/20,S308H,Still,3
1457,2019/20,S314H,Live,88
1458,2019/20,S314H,Still,1
1459,2019/20,T101H,Live,2
1460,2019/20,V217H,Live,8
1461,2019/20,D201N,Live,50
1462,2019/20,F705H,Live,2
1463,2019/20,G405H,Live,2
1464,2019/20,N161H,Live,9
1465,2019/20,S308H,Live,1
1466,2019/20,S314H,Live,1
1467,2019/20,T101H,Live,745
1468,2019/20,T101H,Still,5
1469,2019/20,T304H,Live,124
1470,2019/20,D201N,Live,5
1471,2019/20,F705H,Live,10
1472,2019/20,G405H,Live,2
1473,2019/20,N161H,Live,1
1474,2019/20,S308H,Live,1
1475,2019/20,S314H,Live,6
1476,2019/20,T101H,Live,1355
1477,2019/20,T101H,Still,4
1478,2019/20,T304H,Live,4
1479,2019/20,V217H,Live,1
1480,2019/20,Y146H,Live,1
1481,2019/20,C418H,Live,23
1482,2019/20,G108H,Live,549
1483,2019/20,G405H,Live,299
1484,2019/20,L308H,Still,1
1485,2019/20,V217H,Live,11
1486,2019/20,B120H,Live,1
1487,2019/20,D201N,Live,10
1488,2019/20,F705H,Live,2846
1489,2019/20,F705H,Still,16
1490,2019/20,G108H,Live,1
1491,2019/20,G405H,Live,6
1492,2019/20,N331H,Live,1
1493,2019/20,S308H,Live,9
1494,2019/20,S314H,Live,20
1495,2019/20,S314H,Still,1
1496,2019/20,T101H,Live,262
1497,2019/20,T202H,Live,6
1498,2019/20,V217H,Live,21
1499,2019/20,A111H,Live,1
1500,2019/20,D201N,Live,15
1501,2019/20,F705H,Live,41
1502,2019/20,G405H,Live,1
1503,2019/20,S314H,Live,2
1504,2019/20,T101H,Live,915
1505,2019/20,T101H,Still,3
1506,2019/20,T202H,Live,171
1507,2019/20,V217H,Live,29
1508,2019/20,A111H,Live,6
1509,2019/20,B120H,Live,1
1510,2019/20,C418H,Live,141
1511,2019/20,C418H,Still,1
1512,2019/20,F705H,Live,1
1513,2019/20,G108H,Live,2817
1514,2019/20,G108H,Still,14
1515,2019/20,G405H,Live,3331
1516,2019/20,G405H,Still,11
1517,2019/20,L308H,Live,23
1518,2019/20,V217H,Live,10
1519,2019/20,A111H,Live,2
1520,2019/20,C418H,Live,4
1521,2019/20,G108H,Live,839
1522,2019/20,G405H,Live,45
1523,2019/20,L308H,Live,2179
1524,2019/20,L308H,Still,6
1525,2019/20,S308H,Live,12
1526,2019/20,S308H,Still,1
1527,2019/20,T101H,Live,1
1528,2019/20,V217H,Live,251
1529,2019/20,V217H,Still,1
1530,2020/21,B120H,Live,46
1531,2020/21,C418H,Still,5
1532,2020/21,F705H,Live,1
1533,2020/21,G108H,Live,4
1534,2020/21,H202H,Live,2
1535,2020/21,L308H,Live,2
1536,2020/21,N161H,Live,1
1537,2020/21,S308H,Live,9
1538,2020/21,S314H,Live,13
1539,2020/21,T101H,Live,4
1540,2020/21,V217H,Live,5
1541,2020/21,Y146H,Live,5
1542,2020/21,G108H,Live,1
1543,2020/21,G405H,Live,3
1544,2020/21,G405H,Still,1
1545,2020/21,L308H,Live,1
1546,2020/21,V217H,Live,455
1547,2020/21,V217H,Still,1
1548,2020/21,A111H,Live,4
1549,2020/21,B120H,Live,3
1550,2020/21,G108H,Live,2
1551,2020/21,G405H,Live,2
1552,2020/21,L308H,Live,3
1553,2020/21,Y146H,Live,1091
1554,2020/21,Y146H,Still,3
1555,2020/21,A111H,Live,1044
1556,2020/21,A111H,Still,3
1557,2020/21,C418H,Live,4
1558,2020/21,G108H,Live,5
1559,2020/21,G405H,Live,5
1560,2020/21,L308H,Live,2
1561,2020/21,Y146H,Live,1
1562,2020/21,B120H,Live,14
1563,2020/21,G405H,Live,2
1564,2020/21,S308H,Live,33
1565,2020/21,S314H,Live,856
1566,2020/21,S314H,Still,4
1567,2020/21,A111H,Live,1
1568,2020/21,C418H,Live,231
1569,2020/21,C418H,Still,1
1570,2020/21,G108H,Live,33
1571,2020/21,G405H,Live,496
1572,2020/21,G405H,Still,2
1573,2020/21,L308H,Live,2
1574,2020/21,C418H,Live,6
1575,2020/21,G108H,Live,6
1576,2020/21,G405H,Live,22
1577,2020/21,H202H,Live,6
1578,2020/21,N161H,Live,1
1579,2020/21,V217H,Live,1
1580,2020/21,W107H,Live,122
1581,2020/21,W107H,Still,1
1582,2020/21,C418H,Live,1
1583,2020/21,F705H,Live,1
1584,2020/21,G108H,Live,3
1585,2020/21,G405H,Live,6
1586,2020/21,L308H,Live,7
1587,2020/21,S308H,Live,20
1588,2020/21,S314H,Live,2
1589,2020/21,V217H,Live,1418
1590,2020/21,V217H,Still,3
1591,2020/21,C418H,Live,1
1592,2020/21,G405H,Live,7
1593,2020/21,H103H,Live,20
1594,2020/21,H202H,Live,1753
1595,2020/21,H202H,Still,7
1596,2020/21,H212H,Live,10
1597,2020/21,H214H,Live,1
1598,2020/21,N161H,Live,15
1599,2020/21,S308H,Live,1
1600,2020/21,S314H,Live,2
1601,2020/21,T101H,Live,2
1602,2020/21,V217H,Live,2
1603,2020/21,W107H,Live,1
1604,2020/21,C313H,Live,3
1605,2020/21,C418H,Live,526
1606,2020/21,C418H,Still,2
1607,2020/21,G108H,Live,11
1608,2020/21,G405H,Live,24
1609,2020/21,G405H,Still,1
1610,2020/21,S308H,Live,1
1611,2020/21,B120H,Live,11
1612,2020/21,H202H,Live,1
1613,2020/21,S308H,Live,36
1614,2020/21,S314H,Live,913
1615,2020/21,S314H,Still,2
1616,2020/21,H202H,Live,18
1617,2020/21,N161H,Live,596
1618,2020/21,N161H,Still,1
1619,2020/21,N331H,Live,2
1620,2020/21,N411H,Live,142
1621,2020/21,T101H,Live,1
1622,2020/21,A111H,Live,989
1623,2020/21,A111H,Still,4
1624,2020/21,C418H,Live,40
1625,2020/21,D201N,Live,1
1626,2020/21,G108H,Live,4
1627,2020/21,G405H,Live,11
1628,2020/21,N161H,Live,28
1629,2020/21,R103H,Live,113
1630,2020/21,B120H,Live,739
1631,2020/21,B120H,Still,4
1632,2020/21,G108H,Live,1
1633,2020/21,G405H,Live,3
1634,2020/21,L308H,Live,1
1635,2020/21,S314H,Live,32
1636,2020/21,N161H,Live,75
1637,2020/21,Z102H,Live,103
1638,2020/21,A111H,Live,747
1639,2020/21,A111H,Still,3
1640,2020/21,A111H,Unknown,1
1641,2020/21,C418H,Live,2
1642,2020/21,D201N,Live,1
1643,2020/21,G108H,Live,2
1644,2020/21,G405H,Live,6
1645,2020/21,G405H,Still,1
1646,2020/21,A111H,Live,3
1647,2020/21,B120H,Live,2
1648,2020/21,C418H,Live,13
1649,2020/21,D201N,Live,3
1650,2020/21,F705H,Live,2
1651,2020/21,G108H,Live,525
1652,2020/21,G108H,Still,2
1653,2020/21,G108H,Unknown,1
1654,2020/21,G405H,Live,370
1655,2020/21,G405H,Still,3
1656,2020/21,L308H,Live,1971
1657,2020/21,L308H,Still,13
1658,2020/21,S308H,Live,22
1659,2020/21,S314H,Live,9
1660,2020/21,V217H,Live,5
1661,2020/21,Y146H,Live,2
1662,2020/21,C418H,Live,2
1663,2020/21,F705H,Live,2
1664,2020/21,G108H,Live,8
1665,2020/21,G405H,Live,25
1666,2020/21,T101H,Live,1
1667,2020/21,V217H,Live,631
1668,2020/21,F705H,Live,2
1669,2020/21,G405H,Live,2
1670,2020/21,H202H,Live,1
1671,2020/21,N161H,Live,2026
1672,2020/21,N161H,Still,11
1673,2020/21,N331H,Live,12
1674,2020/21,N333H,Live,4
1675,2020/21,N411H,Live,1
1676,2020/21,R103H,Live,1
1677,2020/21,S314H,Live,2
1678,2020/21,S314H,Still,1
1679,2020/21,T101H,Live,2
1680,2020/21,F705H,Live,1
1681,2020/21,G405H,Live,1
1682,2020/21,L308H,Live,1
1683,2020/21,N161H,Live,1879
1684,2020/21,N161H,Still,5
1685,2020/21,N331H,Live,90
1686,2020/21,N333H,Live,88
1687,2020/21,N411H,Live,9
1688,2020/21,T101H,Live,13
1689,2020/21,T304H,Live,1
1690,2020/21,V217H,Live,1
1691,2020/21,A111H,Live,3
1692,2020/21,B120H,Live,2
1693,2020/21,C106H,Live,9
1694,2020/21,C113H,Live,4
1695,2020/21,C121H,Live,17
1696,2020/21,C122H,Live,6
1697,2020/21,C206H,Live,3
1698,2020/21,C418H,Live,471
1699,2020/21,C418H,Still,4
1700,2020/21,G108H,Live,11
1701,2020/21,G405H,Live,27
1702,2020/21,G405H,Still,1
1703,2020/21,H202H,Live,7
1704,2020/21,H224H,Live,4
1705,2020/21,L308H,Live,2
1706,2020/21,S314H,Live,3
1707,2020/21,T101H,Live,1
1708,2020/21,V217H,Live,9
1709,2020/21,B120H,Live,4
1710,2020/21,F705H,Live,1
1711,2020/21,G405H,Live,1
1712,2020/21,H202H,Live,2
1713,2020/21,S308H,Live,504
1714,2020/21,S308H,Still,4
1715,2020/21,S314H,Live,3967
1716,2020/21,S314H,Still,13
1717,2020/21,V217H,Live,2
1718,2020/21,A111H,Live,2
1719,2020/21,C418H,Live,1339
1720,2020/21,C418H,Still,6
1721,2020/21,G108H,Live,15
1722,2020/21,G405H,Live,197
1723,2020/21,G405H,Still,1
1724,2020/21,L308H,Live,2
1725,2020/21,A111H,Live,1
1726,2020/21,C206H,Live,8
1727,2020/21,C418H,Live,357
1728,2020/21,C418H,Still,3
1729,2020/21,G108H,Live,20
1730,2020/21,G405H,Live,376
1731,2020/21,G405H,Still,1
1732,2020/21,G405H,Unknown,1
1733,2020/21,F705H,Live,1
1734,2020/21,G108H,Live,1
1735,2020/21,G405H,Live,3
1736,2020/21,L308H,Live,2
1737,2020/21,S308H,Live,1537
1738,2020/21,S308H,Still,4
1739,2020/21,S314H,Live,92
1740,2020/21,V217H,Live,5
1741,2020/21,D201N,Live,22
1742,2020/21,G405H,Live,1
1743,2020/21,N161H,Live,7
1744,2020/21,S314H,Live,3
1745,2020/21,T101H,Live,756
1746,2020/21,T101H,Still,9
1747,2020/21,T304H,Live,60
1748,2020/21,D201N,Live,9
1749,2020/21,F705H,Live,1
1750,2020/21,G405H,Live,2
1751,2020/21,S308H,Live,1
1752,2020/21,S314H,Live,4
1753,2020/21,T101H,Live,1255
1754,2020/21,T101H,Still,7
1755,2020/21,A111H,Live,1
1756,2020/21,C418H,Live,27
1757,2020/21,G108H,Live,560
1758,2020/21,G108H,Still,4
1759,2020/21,G405H,Live,281
1760,2020/21,G405H,Still,3
1761,2020/21,L308H,Live,2
1762,2020/21,S314H,Live,2
1763,2020/21,V217H,Live,13
1764,2020/21,C418H,Live,1
1765,2020/21,D201N,Live,24
1766,2020/21,F705H,Live,2568
1767,2020/21,F705H,Still,11
1768,2020/21,G108H,Live,1
1769,2020/21,G405H,Live,4
1770,2020/21,S308H,Live,5
1771,2020/21,S314H,Still,13
1772,2020/21,T101H,Live,233
1773,2020/21,T101H,Still,2
1774,2020/21,T202H,Live,1
1775,2020/21,V217H,Live,24
1776,2020/21,D201N,Live,5
1777,2020/21,F705H,Live,40
1778,2020/21,G405H,Live,1
1779,2020/21,N161H,Live,1
1780,2020/21,R103H,Live,1
1781,2020/21,S314H,Live,4
1782,2020/21,T101H,Live,974
1783,2020/21,T101H,Still,2
1784,2020/21,T101H,Still,15
1785,2020/21,T202H,Live,66
1786,2020/21,V217H,Live,33
1787,2020/21,A111H,Live,2
1788,2020/21,C418H,Live,174
1789,2020/21,C418H,Still,1
1790,2020/21,G108H,Live,2666
1791,2020/21,G108H,Still,12
1792,2020/21,G405H,Live,3109
1793,2020/21,G405H,Still,12
1794,2020/21,H202H,Live,1
1795,2020/21,L308H,Live,7
1796,2020/21,N161H,Live,1
1797,2020/21,S308H,Live,1
1798,2020/21,S314H,Live,2
1799,2020/21,V217H,Live,5
1800,2020/21,C418H,Live,5
1801,2020/21,D201N,Live,1
1802,2020/21,F705H,Live,1
1803,2020/21,G108H,Live,730
1804,2020/21,G108H,Still,2
1805,2020/21,G405H,Live,66
1806,2020/21,G405H,Still,1
1807,2020/21,G405H,Still,5
1808,2020/21,L308H,Live,2115
1809,2020/21,L308H,Still,11
1810,2020/21,S308H,Live,30
1811,2020/21,S314H,Live,1
1812,2020/21,V217H,Live,258
